request_id,level,service,event,status_code_log,duration_ms_log,generated_at,status_code_metric,duration_ms_metric,cpu_percent,memory_mb,db_query_time_ms
3cf76467-5d7b-4ca5-b39b-8376c3c8d229,info,restaurants-service,http.request.received,,,1767304360968.0,200.0,13400.17,120.31,124.6,441.22
3cf76467-5d7b-4ca5-b39b-8376c3c8d229,info,restaurants-service,restaurant.list.start,,,1767304360968.0,200.0,13400.17,120.31,124.6,441.22
3cf76467-5d7b-4ca5-b39b-8376c3c8d229,info,restaurants-service,restaurant.list.success,,,1767304360968.0,200.0,13400.17,120.31,124.6,441.22
3cf76467-5d7b-4ca5-b39b-8376c3c8d229,info,restaurants-service,http.request.completed,200,13400.17,1767304360968.0,200.0,13400.17,120.31,124.6,441.22
7e80c6a7-e99b-458d-a917-e319b198c9ee,info,restaurants-service,http.request.received,,,1767304360968.0,200.0,555.73,62.35,86.35,272.47
7e80c6a7-e99b-458d-a917-e319b198c9ee,info,restaurants-service,restaurant.list.start,,,1767304360968.0,200.0,555.73,62.35,86.35,272.47
7e80c6a7-e99b-458d-a917-e319b198c9ee,info,restaurants-service,restaurant.list.success,,,1767304360968.0,200.0,555.73,62.35,86.35,272.47
7e80c6a7-e99b-458d-a917-e319b198c9ee,info,restaurants-service,http.request.completed,200,555.73,1767304360968.0,200.0,555.73,62.35,86.35,272.47
6361e320-77d3-4704-a406-9d33726957c0,info,restaurants-service,http.request.received,,,1767304360968.0,304.0,1613.63,62.14,77.8,340.67
6361e320-77d3-4704-a406-9d33726957c0,info,restaurants-service,restaurant.list.start,,,1767304360968.0,304.0,1613.63,62.14,77.8,340.67
6361e320-77d3-4704-a406-9d33726957c0,info,restaurants-service,restaurant.list.success,,,1767304360968.0,304.0,1613.63,62.14,77.8,340.67
6361e320-77d3-4704-a406-9d33726957c0,info,restaurants-service,http.request.completed,304,1613.63,1767304360968.0,304.0,1613.63,62.14,77.8,340.67
3cf76467-5d7b-4ca5-b39b-8376c3c8d229,info,restaurants-service,http.request.received,,,1767304360968.0,200.0,13400.17,120.31,124.6,441.22
3cf76467-5d7b-4ca5-b39b-8376c3c8d229,info,restaurants-service,restaurant.list.start,,,1767304360968.0,200.0,13400.17,120.31,124.6,441.22
3cf76467-5d7b-4ca5-b39b-8376c3c8d229,info,restaurants-service,restaurant.list.success,,,1767304360968.0,200.0,13400.17,120.31,124.6,441.22
3cf76467-5d7b-4ca5-b39b-8376c3c8d229,info,restaurants-service,http.request.completed,200,13400.17,1767304360968.0,200.0,13400.17,120.31,124.6,441.22
7e80c6a7-e99b-458d-a917-e319b198c9ee,info,restaurants-service,http.request.received,,,1767304360968.0,200.0,555.73,62.35,86.35,272.47
7e80c6a7-e99b-458d-a917-e319b198c9ee,info,restaurants-service,restaurant.list.start,,,1767304360968.0,200.0,555.73,62.35,86.35,272.47
7e80c6a7-e99b-458d-a917-e319b198c9ee,info,restaurants-service,restaurant.list.success,,,1767304360968.0,200.0,555.73,62.35,86.35,272.47
7e80c6a7-e99b-458d-a917-e319b198c9ee,info,restaurants-service,http.request.completed,200,555.73,1767304360968.0,200.0,555.73,62.35,86.35,272.47
6361e320-77d3-4704-a406-9d33726957c0,info,restaurants-service,http.request.received,,,1767304360968.0,304.0,1613.63,62.14,77.8,340.67
6361e320-77d3-4704-a406-9d33726957c0,info,restaurants-service,restaurant.list.start,,,1767304360968.0,304.0,1613.63,62.14,77.8,340.67
6361e320-77d3-4704-a406-9d33726957c0,info,restaurants-service,restaurant.list.success,,,1767304360968.0,304.0,1613.63,62.14,77.8,340.67
6361e320-77d3-4704-a406-9d33726957c0,info,restaurants-service,http.request.completed,304,1613.63,1767304360968.0,304.0,1613.63,62.14,77.8,340.67
765c406f-e3f4-4b3a-83af-7b0ca3741754,info,restaurants-service,http.request.received,,,1767304360968.0,304.0,1689.53,125.47,192.94,589.85
765c406f-e3f4-4b3a-83af-7b0ca3741754,info,restaurants-service,menuItem.list.start,,,1767304360968.0,304.0,1689.53,125.47,192.94,589.85
765c406f-e3f4-4b3a-83af-7b0ca3741754,info,restaurants-service,menuitem.service.list.start,,,1767304360968.0,304.0,1689.53,125.47,192.94,589.85
765c406f-e3f4-4b3a-83af-7b0ca3741754,info,restaurants-service,menuitem.service.list.success,,,1767304360968.0,304.0,1689.53,125.47,192.94,589.85
765c406f-e3f4-4b3a-83af-7b0ca3741754,info,restaurants-service,menuItem.list.success,,,1767304360968.0,304.0,1689.53,125.47,192.94,589.85
765c406f-e3f4-4b3a-83af-7b0ca3741754,info,restaurants-service,http.request.completed.success,304,1689.53,1767304360968.0,304.0,1689.53,125.47,192.94,589.85
63b67f59-496c-4ecf-959d-a2e0e9e862b7,info,orders-service,http.request.received,,,1767304360968.0,304.0,66.27,55.39,76.44,262.11
63b67f59-496c-4ecf-959d-a2e0e9e862b7,info,orders-service,order.get_one.start,,,1767304360968.0,304.0,66.27,55.39,76.44,262.11
63b67f59-496c-4ecf-959d-a2e0e9e862b7,info,orders-service,order.service.get_by_id.start,,,1767304360968.0,304.0,66.27,55.39,76.44,262.11
63b67f59-496c-4ecf-959d-a2e0e9e862b7,info,orders-service,order.service.get_by_id.success,Pending,,1767304360968.0,304.0,66.27,55.39,76.44,262.11
63b67f59-496c-4ecf-959d-a2e0e9e862b7,info,orders-service,order.get_one.success,Pending,,1767304360968.0,304.0,66.27,55.39,76.44,262.11
63b67f59-496c-4ecf-959d-a2e0e9e862b7,info,orders-service,http.request.completed.success,304,74.59,1767304360968.0,304.0,66.27,55.39,76.44,262.11
63b67f59-496c-4ecf-959d-a2e0e9e862b7,info,orders-service,http.request.received,,,1767304360968.0,304.0,66.27,55.39,76.44,262.11
63b67f59-496c-4ecf-959d-a2e0e9e862b7,info,orders-service,order.get_one.start,,,1767304360968.0,304.0,66.27,55.39,76.44,262.11
63b67f59-496c-4ecf-959d-a2e0e9e862b7,info,orders-service,order.service.get_by_id.start,,,1767304360968.0,304.0,66.27,55.39,76.44,262.11
63b67f59-496c-4ecf-959d-a2e0e9e862b7,info,orders-service,order.service.get_by_id.success,Pending,,1767304360968.0,304.0,66.27,55.39,76.44,262.11
63b67f59-496c-4ecf-959d-a2e0e9e862b7,info,orders-service,order.get_one.success,Pending,,1767304360968.0,304.0,66.27,55.39,76.44,262.11
63b67f59-496c-4ecf-959d-a2e0e9e862b7,info,orders-service,http.request.completed.success,304,74.59,1767304360968.0,304.0,66.27,55.39,76.44,262.11
3cf76467-5d7b-4ca5-b39b-8376c3c8d229,info,restaurants-service,http.request.received,,,1767304360968.0,200.0,13400.17,120.31,124.6,441.22
3cf76467-5d7b-4ca5-b39b-8376c3c8d229,info,restaurants-service,restaurant.list.start,,,1767304360968.0,200.0,13400.17,120.31,124.6,441.22
3cf76467-5d7b-4ca5-b39b-8376c3c8d229,info,restaurants-service,restaurant.list.success,,,1767304360968.0,200.0,13400.17,120.31,124.6,441.22
3cf76467-5d7b-4ca5-b39b-8376c3c8d229,info,restaurants-service,http.request.completed,200,13400.17,1767304360968.0,200.0,13400.17,120.31,124.6,441.22
7e80c6a7-e99b-458d-a917-e319b198c9ee,info,restaurants-service,http.request.received,,,1767304360968.0,200.0,555.73,62.35,86.35,272.47
7e80c6a7-e99b-458d-a917-e319b198c9ee,info,restaurants-service,restaurant.list.start,,,1767304360968.0,200.0,555.73,62.35,86.35,272.47
7e80c6a7-e99b-458d-a917-e319b198c9ee,info,restaurants-service,restaurant.list.success,,,1767304360968.0,200.0,555.73,62.35,86.35,272.47
7e80c6a7-e99b-458d-a917-e319b198c9ee,info,restaurants-service,http.request.completed,200,555.73,1767304360968.0,200.0,555.73,62.35,86.35,272.47
6361e320-77d3-4704-a406-9d33726957c0,info,restaurants-service,http.request.received,,,1767304360968.0,304.0,1613.63,62.14,77.8,340.67
6361e320-77d3-4704-a406-9d33726957c0,info,restaurants-service,restaurant.list.start,,,1767304360968.0,304.0,1613.63,62.14,77.8,340.67
6361e320-77d3-4704-a406-9d33726957c0,info,restaurants-service,restaurant.list.success,,,1767304360968.0,304.0,1613.63,62.14,77.8,340.67
6361e320-77d3-4704-a406-9d33726957c0,info,restaurants-service,http.request.completed,304,1613.63,1767304360968.0,304.0,1613.63,62.14,77.8,340.67
765c406f-e3f4-4b3a-83af-7b0ca3741754,info,restaurants-service,http.request.received,,,1767304360968.0,304.0,1689.53,125.47,192.94,589.85
765c406f-e3f4-4b3a-83af-7b0ca3741754,info,restaurants-service,menuItem.list.start,,,1767304360968.0,304.0,1689.53,125.47,192.94,589.85
765c406f-e3f4-4b3a-83af-7b0ca3741754,info,restaurants-service,menuitem.service.list.start,,,1767304360968.0,304.0,1689.53,125.47,192.94,589.85
765c406f-e3f4-4b3a-83af-7b0ca3741754,info,restaurants-service,menuitem.service.list.success,,,1767304360968.0,304.0,1689.53,125.47,192.94,589.85
765c406f-e3f4-4b3a-83af-7b0ca3741754,info,restaurants-service,menuItem.list.success,,,1767304360968.0,304.0,1689.53,125.47,192.94,589.85
765c406f-e3f4-4b3a-83af-7b0ca3741754,info,restaurants-service,http.request.completed.success,304,1689.53,1767304360968.0,304.0,1689.53,125.47,192.94,589.85
63b67f59-496c-4ecf-959d-a2e0e9e862b7,info,orders-service,http.request.received,,,1767304360968.0,304.0,66.27,55.39,76.44,262.11
63b67f59-496c-4ecf-959d-a2e0e9e862b7,info,orders-service,order.get_one.start,,,1767304360968.0,304.0,66.27,55.39,76.44,262.11
63b67f59-496c-4ecf-959d-a2e0e9e862b7,info,orders-service,order.service.get_by_id.start,,,1767304360968.0,304.0,66.27,55.39,76.44,262.11
63b67f59-496c-4ecf-959d-a2e0e9e862b7,info,orders-service,order.service.get_by_id.success,Pending,,1767304360968.0,304.0,66.27,55.39,76.44,262.11
63b67f59-496c-4ecf-959d-a2e0e9e862b7,info,orders-service,order.get_one.success,Pending,,1767304360968.0,304.0,66.27,55.39,76.44,262.11
63b67f59-496c-4ecf-959d-a2e0e9e862b7,info,orders-service,http.request.completed.success,304,74.59,1767304360968.0,304.0,66.27,55.39,76.44,262.11
3cf76467-5d7b-4ca5-b39b-8376c3c8d229,info,restaurants-service,http.request.received,,,1767304360968.0,200.0,13400.17,120.31,124.6,441.22
3cf76467-5d7b-4ca5-b39b-8376c3c8d229,info,restaurants-service,restaurant.list.start,,,1767304360968.0,200.0,13400.17,120.31,124.6,441.22
3cf76467-5d7b-4ca5-b39b-8376c3c8d229,info,restaurants-service,restaurant.list.success,,,1767304360968.0,200.0,13400.17,120.31,124.6,441.22
3cf76467-5d7b-4ca5-b39b-8376c3c8d229,info,restaurants-service,http.request.completed,200,13400.17,1767304360968.0,200.0,13400.17,120.31,124.6,441.22
7e80c6a7-e99b-458d-a917-e319b198c9ee,info,restaurants-service,http.request.received,,,1767304360968.0,200.0,555.73,62.35,86.35,272.47
7e80c6a7-e99b-458d-a917-e319b198c9ee,info,restaurants-service,restaurant.list.start,,,1767304360968.0,200.0,555.73,62.35,86.35,272.47
7e80c6a7-e99b-458d-a917-e319b198c9ee,info,restaurants-service,restaurant.list.success,,,1767304360968.0,200.0,555.73,62.35,86.35,272.47
7e80c6a7-e99b-458d-a917-e319b198c9ee,info,restaurants-service,http.request.completed,200,555.73,1767304360968.0,200.0,555.73,62.35,86.35,272.47
6361e320-77d3-4704-a406-9d33726957c0,info,restaurants-service,http.request.received,,,1767304360968.0,304.0,1613.63,62.14,77.8,340.67
6361e320-77d3-4704-a406-9d33726957c0,info,restaurants-service,restaurant.list.start,,,1767304360968.0,304.0,1613.63,62.14,77.8,340.67
6361e320-77d3-4704-a406-9d33726957c0,info,restaurants-service,restaurant.list.success,,,1767304360968.0,304.0,1613.63,62.14,77.8,340.67
6361e320-77d3-4704-a406-9d33726957c0,info,restaurants-service,http.request.completed,304,1613.63,1767304360968.0,304.0,1613.63,62.14,77.8,340.67
765c406f-e3f4-4b3a-83af-7b0ca3741754,info,restaurants-service,http.request.received,,,1767304360968.0,304.0,1689.53,125.47,192.94,589.85
765c406f-e3f4-4b3a-83af-7b0ca3741754,info,restaurants-service,menuItem.list.start,,,1767304360968.0,304.0,1689.53,125.47,192.94,589.85
765c406f-e3f4-4b3a-83af-7b0ca3741754,info,restaurants-service,menuitem.service.list.start,,,1767304360968.0,304.0,1689.53,125.47,192.94,589.85
765c406f-e3f4-4b3a-83af-7b0ca3741754,info,restaurants-service,menuitem.service.list.success,,,1767304360968.0,304.0,1689.53,125.47,192.94,589.85
765c406f-e3f4-4b3a-83af-7b0ca3741754,info,restaurants-service,menuItem.list.success,,,1767304360968.0,304.0,1689.53,125.47,192.94,589.85
765c406f-e3f4-4b3a-83af-7b0ca3741754,info,restaurants-service,http.request.completed.success,304,1689.53,1767304360968.0,304.0,1689.53,125.47,192.94,589.85
